5	16	1.124294	0.1930901	0.4198364
5	31	-0.1095018	0.5621294	0.3986487
5	46	-0.1095018	0.5621294	0.3986487
6	16	1.124294	0.1930901	0.4198364
6	31	-0.1095018	0.5621294	0.3986487
6	46	-0.1095018	0.5621294	0.3986487
7	16	1.120904	0.1941041	0.4197782
7	31	1.120904	0.1941041	0.4197782
7	46	1.120904	0.1941041	0.4197782
8	16	1.120904	0.1941041	0.4197782
8	31	1.120904	0.1941041	0.4197782
8	46	1.120904	0.1941041	0.4197782
9	16	1.120904	0.1941041	0.4197782
9	31	1.120904	0.1941041	0.4197782
9	46	1.120904	0.1941041	0.4197782
10	16	1.120904	0.1941041	0.4197782
10	31	1.120904	0.1941041	0.4197782
10	46	1.120904	0.1941041	0.4197782
11	16	1.120904	0.1941041	0.4197782
11	31	1.120904	0.1941041	0.4197782
11	46	1.120904	0.1941041	0.4197782
12	16	1.120904	0.1941041	0.4197782
12	31	1.120904	0.1941041	0.4197782
12	46	1.120904	0.1941041	0.4197782
13	16	1.120904	0.1941041	0.4197782
13	31	1.120904	0.1941041	0.4197782
13	46	1.120904	0.1941041	0.4197782
14	16	1.120904	0.1941041	0.4197782
14	31	1.120904	0.1941041	0.4197782
14	46	1.120904	0.1941041	0.4197782
15	16	1.120904	0.1941041	0.4197782
15	31	1.120904	0.1941041	0.4197782
15	46	1.120904	0.1941041	0.4197782
16	16	1.120904	0.1941041	0.4197782
16	31	1.120904	0.1941041	0.4197782
16	46	1.120904	0.1941041	0.4197782
17	16	1.120904	0.1941041	0.4197782
17	31	1.120904	0.1941041	0.4197782
17	46	1.120904	0.1941041	0.4197782
18	16	1.120904	0.1941041	0.4197782
18	31	1.120904	0.1941041	0.4197782
18	46	1.120904	0.1941041	0.4197782
19	16	1.120904	0.1941041	0.4197782
19	31	1.120904	0.1941041	0.4197782
19	46	1.120904	0.1941041	0.4197782
20	16	1.120904	0.1941041	0.4197782
20	31	1.120904	0.1941041	0.4197782
20	46	1.120904	0.1941041	0.4197782
21	16	1.120904	0.1941041	0.4197782
21	31	1.120904	0.1941041	0.4197782
21	46	1.120904	0.1941041	0.4197782
22	16	1.120904	0.1941041	0.4197782
22	31	1.120904	0.1941041	0.4197782
22	46	1.120904	0.1941041	0.4197782
23	16	1.120904	0.1941041	0.4197782
23	31	1.120904	0.1941041	0.4197782
23	46	1.120904	0.1941041	0.4197782
24	16	1.120904	0.1941041	0.4197782
24	31	1.120904	0.1941041	0.4197782
24	46	1.120904	0.1941041	0.4197782
25	16	1.120904	0.1941041	0.4197782
25	31	1.120904	0.1941041	0.4197782
25	46	1.120904	0.1941041	0.4197782
26	16	1.120904	0.1941041	0.4197782
26	31	1.120904	0.1941041	0.4197782
26	46	1.120904	0.1941041	0.4197782
27	16	1.120904	0.1941041	0.4197782
27	31	1.120904	0.1941041	0.4197782
27	46	1.120904	0.1941041	0.4197782
28	1	-0.1124388	0.5626958	0.4016913
28	2	-0.1124388	0.5626958	0.4016913
28	3	-0.1124388	0.5626958	0.4016913
28	4	-0.1124388	0.5626958	0.4016913
28	5	-0.1124388	0.5626958	0.4016913
28	6	-0.1124388	0.5626958	0.4016913
28	7	-0.1124388	0.5626958	0.4016913
28	8	-0.1124388	0.5626958	0.4016913
28	9	-0.1124388	0.5626958	0.4016913
28	10	-0.1124388	0.5626958	0.4016913
28	11	-0.1124388	0.5626958	0.4016913
28	12	-0.1124388	0.5626958	0.4016913
28	13	-0.1124388	0.5626958	0.4016913
28	14	-0.1124388	0.5626958	0.4016913
28	15	-0.1124388	0.5626958	0.4016913
28	16	1.210666	0.1675971	0.4179343
28	17	-0.1124389	0.5626958	0.4016914
28	18	-0.1124389	0.5626958	0.4016914
28	19	-0.1124389	0.5626958	0.4016914
28	20	-0.1124389	0.5626958	0.4016914
28	21	-0.1124389	0.5626958	0.4016914
28	22	-0.1124389	0.5626958	0.4016914
28	23	-0.1124389	0.5626958	0.4016914
28	24	-0.1124389	0.5626958	0.4016914
28	25	-0.1124389	0.5626958	0.4016914
28	26	-0.1124389	0.5626958	0.4016914
28	27	-0.1124389	0.5626958	0.4016914
28	28	-0.1124389	0.5626958	0.4016914
28	29	-0.1124389	0.5626958	0.4016914
28	30	-0.1124389	0.5626958	0.4016914
28	31	1.210666	0.1675971	0.4179343
28	32	-0.1124389	0.5626958	0.4016914
28	33	-0.1124389	0.5626958	0.4016914
28	34	-0.1124389	0.5626958	0.4016914
28	35	-0.1124389	0.5626958	0.4016914
28	36	-0.1124389	0.5626958	0.4016914
28	37	-0.1124389	0.5626958	0.4016914
28	38	-0.1124389	0.5626958	0.4016914
28	39	-0.1124389	0.5626958	0.4016914
28	40	-0.1124389	0.5626958	0.4016914
28	41	-0.1124389	0.5626958	0.4016914
28	42	-0.1124389	0.5626958	0.4016914
28	43	-0.1124389	0.5626958	0.4016914
28	44	-0.1124389	0.5626958	0.4016914
28	45	-0.1124389	0.5626958	0.4016914
28	46	1.210666	0.1675971	0.4179343
28	47	-0.1124388	0.5626958	0.4016913
28	48	-0.1124388	0.5626958	0.4016913
28	49	-0.1124388	0.5626958	0.4016913
28	50	-0.1124388	0.5626958	0.4016913
28	51	-0.1124388	0.5626958	0.4016913
28	52	-0.1124388	0.5626958	0.4016913
28	53	-0.1124388	0.5626958	0.4016913
28	54	-0.1124388	0.5626958	0.4016913
28	55	-0.1124388	0.5626958	0.4016913
28	56	-0.1124388	0.5626958	0.4016913
28	57	-0.1124388	0.5626958	0.4016913
28	58	-0.1124388	0.5626958	0.4016913
28	59	-0.1124388	0.5626958	0.4016913
28	60	-0.1124388	0.5626958	0.4016913
29	1	-0.1124388	0.5626958	0.4016913
29	2	-0.1124388	0.5626958	0.4016913
29	3	-0.1124388	0.5626958	0.4016913
29	4	-0.1124388	0.5626958	0.4016913
29	5	-0.1124388	0.5626958	0.4016913
29	6	-0.1124388	0.5626958	0.4016913
29	7	-0.1124388	0.5626958	0.4016913
29	8	-0.1124388	0.5626958	0.4016913
29	9	-0.1124388	0.5626958	0.4016913
29	10	-0.1124388	0.5626958	0.4016913
29	11	-0.1124388	0.5626958	0.4016913
29	12	-0.1124388	0.5626958	0.4016913
29	13	-0.1124388	0.5626958	0.4016913
29	14	-0.1124388	0.5626958	0.4016913
29	15	-0.1124388	0.5626958	0.4016913
29	16	1.210666	0.1675971	0.4179343
29	17	-0.1124389	0.5626958	0.4016914
29	18	-0.1124389	0.5626958	0.4016914
29	19	-0.1124389	0.5626958	0.4016914
29	20	-0.1124389	0.5626958	0.4016914
29	21	-0.1124389	0.5626958	0.4016914
29	22	-0.1124389	0.5626958	0.4016914
29	23	-0.1124389	0.5626958	0.4016914
29	24	-0.1124389	0.5626958	0.4016914
29	25	-0.1124389	0.5626958	0.4016914
29	26	-0.1124389	0.5626958	0.4016914
29	27	-0.1124389	0.5626958	0.4016914
29	28	-0.1124389	0.5626958	0.4016914
29	29	-0.1124389	0.5626958	0.4016914
29	30	-0.1124389	0.5626958	0.4016914
29	31	1.210666	0.1675971	0.4179343
29	32	-0.1124389	0.5626958	0.4016914
29	33	-0.1124389	0.5626958	0.4016914
29	34	-0.1124389	0.5626958	0.4016914
29	35	-0.1124389	0.5626958	0.4016914
29	36	-0.1124389	0.5626958	0.4016914
29	37	-0.1124389	0.5626958	0.4016914
29	38	-0.1124389	0.5626958	0.4016914
29	39	-0.1124389	0.5626958	0.4016914
29	40	-0.1124389	0.5626958	0.4016914
29	41	-0.1124389	0.5626958	0.4016914
29	42	-0.1124389	0.5626958	0.4016914
29	43	-0.1124389	0.5626958	0.4016914
29	44	-0.1124389	0.5626958	0.4016914
29	45	-0.1124389	0.5626958	0.4016914
29	46	1.210666	0.1675971	0.4179343
29	47	-0.1124388	0.5626958	0.4016913
29	48	-0.1124388	0.5626958	0.4016913
29	49	-0.1124388	0.5626958	0.4016913
29	50	-0.1124388	0.5626958	0.4016913
29	51	-0.1124388	0.5626958	0.4016913
29	52	-0.1124388	0.5626958	0.4016913
29	53	-0.1124388	0.5626958	0.4016913
29	54	-0.1124388	0.5626958	0.4016913
29	55	-0.1124388	0.5626958	0.4016913
29	56	-0.1124388	0.5626958	0.4016913
29	57	-0.1124388	0.5626958	0.4016913
29	58	-0.1124388	0.5626958	0.4016913
29	59	-0.1124388	0.5626958	0.4016913
29	60	-0.1124388	0.5626958	0.4016913
30	1	-0.1130817	0.5627191	0.4033549
30	2	-0.1130817	0.5627191	0.4033549
30	3	-0.1130817	0.5627191	0.4033549
30	4	-0.1130817	0.5627191	0.4033549
30	5	-0.1130817	0.5627191	0.4033549
30	6	-0.1130817	0.5627191	0.4033549
30	7	-0.1130817	0.5627191	0.4033549
30	8	-0.1130817	0.5627191	0.4033549
30	9	-0.1130817	0.5627191	0.4033549
30	10	-0.1130817	0.5627191	0.4033549
30	11	-0.1130817	0.5627191	0.4033549
30	12	-0.1130817	0.5627191	0.4033549
30	13	-0.1130817	0.5627191	0.4033549
30	14	-0.1130817	0.5627191	0.4033549
30	15	-0.1130817	0.5627191	0.4033549
30	16	1.20652	0.1690183	0.416069
30	17	-0.1130818	0.5627191	0.403355
30	18	-0.1130818	0.5627191	0.403355
30	19	-0.1130818	0.5627191	0.403355
30	20	-0.1130818	0.5627191	0.403355
30	21	-0.1130818	0.5627191	0.403355
30	22	-0.1130818	0.5627191	0.403355
30	23	-0.1130818	0.5627191	0.403355
30	24	-0.1130818	0.5627191	0.403355
30	25	-0.1130818	0.5627191	0.403355
30	26	-0.1130818	0.5627191	0.403355
30	27	-0.1130818	0.5627191	0.403355
30	28	-0.1130818	0.5627191	0.403355
30	29	-0.1130818	0.5627191	0.403355
30	30	-0.1130818	0.5627191	0.403355
30	31	1.20652	0.1690183	0.416069
30	32	-0.1130817	0.5627191	0.403355
30	33	-0.1130817	0.5627191	0.403355
30	34	-0.1130817	0.5627191	0.403355
30	35	-0.1130817	0.5627191	0.403355
30	36	-0.1130817	0.5627191	0.403355
30	37	-0.1130817	0.5627191	0.403355
30	38	-0.1130817	0.5627191	0.403355
30	39	-0.1130817	0.5627191	0.403355
30	40	-0.1130817	0.5627191	0.403355
30	41	-0.1130817	0.5627191	0.403355
30	42	-0.1130817	0.5627191	0.403355
30	43	-0.1130817	0.5627191	0.403355
30	44	-0.1130817	0.5627191	0.403355
30	45	-0.1130817	0.5627191	0.403355
30	46	1.20652	0.1690183	0.416069
30	47	-0.1130817	0.5627191	0.4033549
30	48	-0.1130817	0.5627191	0.4033549
30	49	-0.1130817	0.5627191	0.4033549
30	50	-0.1130817	0.5627191	0.4033549
30	51	-0.1130817	0.5627191	0.4033549
30	52	-0.1130817	0.5627191	0.4033549
30	53	-0.1130817	0.5627191	0.4033549
30	54	-0.1130817	0.5627191	0.4033549
30	55	-0.1130817	0.5627191	0.4033549
30	56	-0.1130817	0.5627191	0.4033549
30	57	-0.1130817	0.5627191	0.4033549
30	58	-0.1130817	0.5627191	0.4033549
30	59	-0.1130817	0.5627191	0.4033549
30	60	-0.1130817	0.5627191	0.4033549
72	1	1.430301	0.1070739	0.3704595
72	2	0.09252906	0.5281398	0.1401138
72	3	0.09252906	0.5281398	0.1401138
72	4	0.09252906	0.5281398	0.1401138
72	5	0.09252906	0.5281398	0.1401138
72	6	0.09252906	0.5281398	0.1401138
72	7	0.09252906	0.5281398	0.1401138
72	8	0.09252906	0.5281398	0.1401138
72	9	0.09252906	0.5281398	0.1401138
72	10	0.09252906	0.5281398	0.1401138
72	11	0.09252906	0.5281398	0.1401138
72	12	0.09252906	0.5281398	0.1401138
72	13	0.09252906	0.5281398	0.1401138
72	14	0.09252906	0.5281398	0.1401138
72	15	0.09252906	0.5281398	0.1401138
72	16	0.0772605	0.4117174	1.338801
72	17	0.09252906	0.5281398	0.1401138
72	18	0.09252906	0.5281398	0.1401138
72	19	0.09252906	0.5281398	0.1401138
72	20	0.09252906	0.5281398	0.1401138
72	21	0.09252906	0.5281398	0.1401138
72	22	0.09252906	0.5281398	0.1401138
72	23	0.09252906	0.5281398	0.1401138
72	24	0.09252906	0.5281398	0.1401138
72	25	0.09252906	0.5281398	0.1401138
72	26	0.09252906	0.5281398	0.1401138
72	27	0.09252906	0.5281398	0.1401138
72	28	0.09252906	0.5281398	0.1401138
72	29	0.09252906	0.5281398	0.1401138
72	30	0.09252906	0.5281398	0.1401138
72	31	0.0772605	0.4117174	1.338801
72	32	0.09252906	0.5281398	0.1401138
72	33	0.09252906	0.5281398	0.1401138
72	34	0.09252906	0.5281398	0.1401138
72	35	0.09252906	0.5281398	0.1401138
72	36	0.09252906	0.5281398	0.1401138
72	37	0.09252906	0.5281398	0.1401138
72	38	0.09252906	0.5281398	0.1401138
72	39	0.09252906	0.5281398	0.1401138
72	40	0.09252906	0.5281398	0.1401138
72	41	0.09252906	0.5281398	0.1401138
72	42	0.09252906	0.5281398	0.1401138
72	43	0.09252906	0.5281398	0.1401138
72	44	0.09252906	0.5281398	0.1401138
72	45	0.09252906	0.5281398	0.1401138
72	46	0.0772605	0.4117174	1.338801
72	47	0.09252906	0.5281398	0.1401138
72	48	0.09252906	0.5281398	0.1401138
72	49	0.09252906	0.5281398	0.1401138
72	50	0.09252906	0.5281398	0.1401138
72	51	0.09252906	0.5281398	0.1401138
72	52	0.09252906	0.5281398	0.1401138
72	53	0.09252906	0.5281398	0.1401138
72	54	0.09252906	0.5281398	0.1401138
72	55	0.09252906	0.5281398	0.1401138
72	56	0.09252906	0.5281398	0.1401138
72	57	0.09252906	0.5281398	0.1401138
72	58	0.09252906	0.5281398	0.1401138
72	59	0.09252906	0.5281398	0.1401138
72	60	0.09252906	0.5281398	0.1401138
73	1	1.430301	0.1070739	0.3704595
73	2	0.09252906	0.5281398	0.1401138
73	3	0.09252906	0.5281398	0.1401138
73	4	0.09252906	0.5281398	0.1401138
73	5	0.09252906	0.5281398	0.1401138
73	6	0.09252906	0.5281398	0.1401138
73	7	0.09252906	0.5281398	0.1401138
73	8	0.09252906	0.5281398	0.1401138
73	9	0.09252906	0.5281398	0.1401138
73	10	0.09252906	0.5281398	0.1401138
73	11	0.09252906	0.5281398	0.1401138
73	12	0.09252906	0.5281398	0.1401138
73	13	0.09252906	0.5281398	0.1401138
73	14	0.09252906	0.5281398	0.1401138
73	15	0.09252906	0.5281398	0.1401138
73	16	0.0772605	0.4117174	1.338801
73	17	0.09252906	0.5281398	0.1401138
73	18	0.09252906	0.5281398	0.1401138
73	19	0.09252906	0.5281398	0.1401138
73	20	0.09252906	0.5281398	0.1401138
73	21	0.09252906	0.5281398	0.1401138
73	22	0.09252906	0.5281398	0.1401138
73	23	0.09252906	0.5281398	0.1401138
73	24	0.09252906	0.5281398	0.1401138
73	25	0.09252906	0.5281398	0.1401138
73	26	0.09252906	0.5281398	0.1401138
73	27	0.09252906	0.5281398	0.1401138
73	28	0.09252906	0.5281398	0.1401138
73	29	0.09252906	0.5281398	0.1401138
73	30	0.09252906	0.5281398	0.1401138
73	31	0.0772605	0.4117174	1.338801
73	32	0.09252906	0.5281398	0.1401138
73	33	0.09252906	0.5281398	0.1401138
73	34	0.09252906	0.5281398	0.1401138
73	35	0.09252906	0.5281398	0.1401138
73	36	0.09252906	0.5281398	0.1401138
73	37	0.09252906	0.5281398	0.1401138
73	38	0.09252906	0.5281398	0.1401138
73	39	0.09252906	0.5281398	0.1401138
73	40	0.09252906	0.5281398	0.1401138
73	41	0.09252906	0.5281398	0.1401138
73	42	0.09252906	0.5281398	0.1401138
73	43	0.09252906	0.5281398	0.1401138
73	44	0.09252906	0.5281398	0.1401138
73	45	0.09252906	0.5281398	0.1401138
73	46	0.0772605	0.4117174	1.338801
73	47	0.09252906	0.5281398	0.1401138
73	48	0.09252906	0.5281398	0.1401138
73	49	0.09252906	0.5281398	0.1401138
73	50	0.09252906	0.5281398	0.1401138
73	51	0.09252906	0.5281398	0.1401138
73	52	0.09252906	0.5281398	0.1401138
73	53	0.09252906	0.5281398	0.1401138
73	54	0.09252906	0.5281398	0.1401138
73	55	0.09252906	0.5281398	0.1401138
73	56	0.09252906	0.5281398	0.1401138
73	57	0.09252906	0.5281398	0.1401138
73	58	0.09252906	0.5281398	0.1401138
73	59	0.09252906	0.5281398	0.1401138
73	60	0.09252906	0.5281398	0.1401138
74	1	1.430301	0.1070739	0.3704595
74	2	0.09252906	0.5281398	0.1401138
74	3	0.09252906	0.5281398	0.1401138
74	4	0.09252906	0.5281398	0.1401138
74	5	0.09252906	0.5281398	0.1401138
74	6	0.09252906	0.5281398	0.1401138
74	7	0.09252906	0.5281398	0.1401138
74	8	0.09252906	0.5281398	0.1401138
74	9	0.09252906	0.5281398	0.1401138
74	10	0.09252906	0.5281398	0.1401138
74	11	0.09252906	0.5281398	0.1401138
74	12	0.09252906	0.5281398	0.1401138
74	13	0.09252906	0.5281398	0.1401138
74	14	0.09252906	0.5281398	0.1401138
74	15	0.09252906	0.5281398	0.1401138
74	16	0.0772605	0.4117174	1.338801
74	17	0.09252906	0.5281398	0.1401138
74	18	0.09252906	0.5281398	0.1401138
74	19	0.09252906	0.5281398	0.1401138
74	20	0.09252906	0.5281398	0.1401138
74	21	0.09252906	0.5281398	0.1401138
74	22	0.09252906	0.5281398	0.1401138
74	23	0.09252906	0.5281398	0.1401138
74	24	0.09252906	0.5281398	0.1401138
74	25	0.09252906	0.5281398	0.1401138
74	26	0.09252906	0.5281398	0.1401138
74	27	0.09252906	0.5281398	0.1401138
74	28	0.09252906	0.5281398	0.1401138
74	29	0.09252906	0.5281398	0.1401138
74	30	0.09252906	0.5281398	0.1401138
74	31	0.0772605	0.4117174	1.338801
74	32	0.09252906	0.5281398	0.1401138
74	33	0.09252906	0.5281398	0.1401138
74	34	0.09252906	0.5281398	0.1401138
74	35	0.09252906	0.5281398	0.1401138
74	36	0.09252906	0.5281398	0.1401138
74	37	0.09252906	0.5281398	0.1401138
74	38	0.09252906	0.5281398	0.1401138
74	39	0.09252906	0.5281398	0.1401138
74	40	0.09252906	0.5281398	0.1401138
74	41	0.09252906	0.5281398	0.1401138
74	42	0.09252906	0.5281398	0.1401138
74	43	0.09252906	0.5281398	0.1401138
74	44	0.09252906	0.5281398	0.1401138
74	45	0.09252906	0.5281398	0.1401138
74	46	0.0772605	0.4117174	1.338801
74	47	0.09252906	0.5281398	0.1401138
74	48	0.09252906	0.5281398	0.1401138
74	49	0.09252906	0.5281398	0.1401138
74	50	0.09252906	0.5281398	0.1401138
74	51	0.09252906	0.5281398	0.1401138
74	52	0.09252906	0.5281398	0.1401138
74	53	0.09252906	0.5281398	0.1401138
74	54	0.09252906	0.5281398	0.1401138
74	55	0.09252906	0.5281398	0.1401138
74	56	0.09252906	0.5281398	0.1401138
74	57	0.09252906	0.5281398	0.1401138
74	58	0.09252906	0.5281398	0.1401138
74	59	0.09252906	0.5281398	0.1401138
74	60	0.09252906	0.5281398	0.1401138
75	1	1.430301	0.1070739	0.3704595
75	2	0.09252906	0.5281398	0.1401138
75	3	0.09252906	0.5281398	0.1401138
75	4	0.09252906	0.5281398	0.1401138
75	5	0.09252906	0.5281398	0.1401138
75	6	0.09252906	0.5281398	0.1401138
75	7	0.09252906	0.5281398	0.1401138
75	8	0.09252906	0.5281398	0.1401138
75	9	0.09252906	0.5281398	0.1401138
75	10	0.09252906	0.5281398	0.1401138
75	11	0.09252906	0.5281398	0.1401138
75	12	0.09252906	0.5281398	0.1401138
75	13	0.09252906	0.5281398	0.1401138
75	14	0.09252906	0.5281398	0.1401138
75	15	0.09252906	0.5281398	0.1401138
75	16	0.0772605	0.4117174	1.338801
75	17	0.09252906	0.5281398	0.1401138
75	18	0.09252906	0.5281398	0.1401138
75	19	0.09252906	0.5281398	0.1401138
75	20	0.09252906	0.5281398	0.1401138
75	21	0.09252906	0.5281398	0.1401138
75	22	0.09252906	0.5281398	0.1401138
75	23	0.09252906	0.5281398	0.1401138
75	24	0.09252906	0.5281398	0.1401138
75	25	0.09252906	0.5281398	0.1401138
75	26	0.09252906	0.5281398	0.1401138
75	27	0.09252906	0.5281398	0.1401138
75	28	0.09252906	0.5281398	0.1401138
75	29	0.09252906	0.5281398	0.1401138
75	30	0.09252906	0.5281398	0.1401138
75	31	0.0772605	0.4117174	1.338801
75	32	0.09252906	0.5281398	0.1401138
75	33	0.09252906	0.5281398	0.1401138
75	34	0.09252906	0.5281398	0.1401138
75	35	0.09252906	0.5281398	0.1401138
75	36	0.09252906	0.5281398	0.1401138
75	37	0.09252906	0.5281398	0.1401138
75	38	0.09252906	0.5281398	0.1401138
75	39	0.09252906	0.5281398	0.1401138
75	40	0.09252906	0.5281398	0.1401138
75	41	0.09252906	0.5281398	0.1401138
75	42	0.09252906	0.5281398	0.1401138
75	43	0.09252906	0.5281398	0.1401138
75	44	0.09252906	0.5281398	0.1401138
75	45	0.09252906	0.5281398	0.1401138
75	46	0.0772605	0.4117174	1.338801
75	47	0.09252906	0.5281398	0.1401138
75	48	0.09252906	0.5281398	0.1401138
75	49	0.09252906	0.5281398	0.1401138
75	50	0.09252906	0.5281398	0.1401138
75	51	0.09252906	0.5281398	0.1401138
75	52	0.09252906	0.5281398	0.1401138
75	53	0.09252906	0.5281398	0.1401138
75	54	0.09252906	0.5281398	0.1401138
75	55	0.09252906	0.5281398	0.1401138
75	56	0.09252906	0.5281398	0.1401138
75	57	0.09252906	0.5281398	0.1401138
75	58	0.09252906	0.5281398	0.1401138
75	59	0.09252906	0.5281398	0.1401138
75	60	0.09252906	0.5281398	0.1401138
76	1	0.5071602	0.4204782	-0.01486769
76	2	-0.1843466	0.5797896	0.4442011
76	3	-0.1843466	0.5797896	0.4442011
76	4	-0.1843466	0.5797896	0.4442011
76	5	-0.1699292	0.584156	0.358447
76	6	-0.1843466	0.5797896	0.4442011
76	7	-0.1843466	0.5797896	0.4442011
76	8	-0.1843466	0.5797896	0.4442011
76	9	-0.1699292	0.584156	0.358447
76	10	-0.1843466	0.5797896	0.4442011
76	11	-0.1843466	0.5797896	0.4442011
76	12	-0.1843466	0.5797896	0.4442011
76	13	-0.1843466	0.5797896	0.4442011
76	14	-0.1843466	0.5797896	0.4442011
76	15	-0.1699292	0.584156	0.358447
76	16	1.232692	0.1687183	0.341917
76	17	0.001731276	0.4423021	1.258294
76	18	1.186945	0.1746174	0.4182685
76	19	0.001731276	0.4423021	1.258294
76	20	1.186945	0.1746174	0.4182685
76	21	0.001731276	0.4423021	1.258294
76	22	1.186945	0.1746174	0.4182685
76	23	0.001731276	0.4423021	1.258294
76	24	1.186945	0.1746174	0.4182685
76	25	0.001731276	0.4423021	1.258294
76	26	1.186945	0.1746174	0.4182685
76	27	0.001731276	0.4423021	1.258294
76	28	1.186945	0.1746174	0.4182685
76	29	0.001731276	0.4423021	1.258294
76	30	1.261970	0.1629349	0.312951
76	31	1.232692	0.1687183	0.341917
76	32	0.001731276	0.4423021	1.258294
76	33	1.186945	0.1746174	0.4182685
76	34	0.001731276	0.4423021	1.258294
76	35	1.186945	0.1746174	0.4182685
76	36	0.001731276	0.4423021	1.258294
76	37	1.186945	0.1746174	0.4182685
76	38	0.001731276	0.4423021	1.258294
76	39	1.186945	0.1746174	0.4182685
76	40	0.001731276	0.4423021	1.258294
76	41	1.186945	0.1746174	0.4182685
76	42	0.001731276	0.4423021	1.258294
76	43	1.186945	0.1746174	0.4182685
76	44	0.001731276	0.4423021	1.258294
76	45	1.261970	0.1629349	0.312951
76	46	1.232692	0.1687183	0.341917
76	47	0.001731276	0.4423021	1.258294
76	48	1.186945	0.1746174	0.4182685
76	49	0.001731276	0.4423021	1.258294
76	50	1.186945	0.1746174	0.4182685
76	51	0.001731276	0.4423021	1.258294
76	52	1.186945	0.1746174	0.4182685
76	53	0.001731276	0.4423021	1.258294
76	54	1.186945	0.1746174	0.4182685
76	55	0.001731276	0.4423021	1.258294
76	56	1.186945	0.1746174	0.4182685
76	57	0.001731276	0.4423021	1.258294
76	58	1.186945	0.1746174	0.4182685
76	59	0.001731276	0.4423021	1.258294
76	60	1.261970	0.1629349	0.312951
77	1	0.5071602	0.4204782	-0.01486769
77	2	-0.1843466	0.5797896	0.4442011
77	3	-0.1843466	0.5797896	0.4442011
77	4	-0.1843466	0.5797896	0.4442011
77	5	-0.1699292	0.584156	0.358447
77	6	-0.1843466	0.5797896	0.4442011
77	7	-0.1843466	0.5797896	0.4442011
77	8	-0.1843466	0.5797896	0.4442011
77	9	-0.1699292	0.584156	0.358447
77	10	-0.1843466	0.5797896	0.4442011
77	11	-0.1843466	0.5797896	0.4442011
77	12	-0.1843466	0.5797896	0.4442011
77	13	-0.1843466	0.5797896	0.4442011
77	14	-0.1843466	0.5797896	0.4442011
77	15	-0.1699292	0.584156	0.358447
77	16	1.232692	0.1687183	0.341917
77	17	0.001731276	0.4423021	1.258294
77	18	1.186945	0.1746174	0.4182685
77	19	0.001731276	0.4423021	1.258294
77	20	1.186945	0.1746174	0.4182685
77	21	0.001731276	0.4423021	1.258294
77	22	1.186945	0.1746174	0.4182685
77	23	0.001731276	0.4423021	1.258294
77	24	1.186945	0.1746174	0.4182685
77	25	0.001731276	0.4423021	1.258294
77	26	1.186945	0.1746174	0.4182685
77	27	0.001731276	0.4423021	1.258294
77	28	1.186945	0.1746174	0.4182685
77	29	0.001731276	0.4423021	1.258294
77	30	1.261970	0.1629349	0.312951
77	31	1.232692	0.1687183	0.341917
77	32	0.001731276	0.4423021	1.258294
77	33	1.186945	0.1746174	0.4182685
77	34	0.001731276	0.4423021	1.258294
77	35	1.186945	0.1746174	0.4182685
77	36	0.001731276	0.4423021	1.258294
77	37	1.186945	0.1746174	0.4182685
77	38	0.001731276	0.4423021	1.258294
77	39	1.186945	0.1746174	0.4182685
77	40	0.001731276	0.4423021	1.258294
77	41	1.186945	0.1746174	0.4182685
77	42	0.001731276	0.4423021	1.258294
77	43	1.186945	0.1746174	0.4182685
77	44	0.001731276	0.4423021	1.258294
77	45	1.261970	0.1629349	0.312951
77	46	1.232692	0.1687183	0.341917
77	47	0.001731276	0.4423021	1.258294
77	48	1.186945	0.1746174	0.4182685
77	49	0.001731276	0.4423021	1.258294
77	50	1.186945	0.1746174	0.4182685
77	51	0.001731276	0.4423021	1.258294
77	52	1.186945	0.1746174	0.4182685
77	53	0.001731276	0.4423021	1.258294
77	54	1.186945	0.1746174	0.4182685
77	55	0.001731276	0.4423021	1.258294
77	56	1.186945	0.1746174	0.4182685
77	57	0.001731276	0.4423021	1.258294
77	58	1.186945	0.1746174	0.4182685
77	59	0.001731276	0.4423021	1.258294
77	60	1.261970	0.1629349	0.312951
78	1	0.5071602	0.4204782	-0.01486769
78	2	-0.1843466	0.5797896	0.4442011
78	3	-0.1843466	0.5797896	0.4442011
78	4	-0.1843466	0.5797896	0.4442011
78	5	-0.1699292	0.584156	0.358447
78	6	-0.1843466	0.5797896	0.4442011
78	7	-0.1843466	0.5797896	0.4442011
78	8	-0.1843466	0.5797896	0.4442011
78	9	-0.1699292	0.584156	0.358447
78	10	-0.1843466	0.5797896	0.4442011
78	11	-0.1843466	0.5797896	0.4442011
78	12	-0.1843466	0.5797896	0.4442011
78	13	-0.1843466	0.5797896	0.4442011
78	14	-0.1843466	0.5797896	0.4442011
78	15	-0.1699292	0.584156	0.358447
78	16	1.232692	0.1687183	0.341917
78	17	0.001731276	0.4423021	1.258294
78	18	1.186945	0.1746174	0.4182685
78	19	0.001731276	0.4423021	1.258294
78	20	1.186945	0.1746174	0.4182685
78	21	0.001731276	0.4423021	1.258294
78	22	1.186945	0.1746174	0.4182685
78	23	0.001731276	0.4423021	1.258294
78	24	1.186945	0.1746174	0.4182685
78	25	0.001731276	0.4423021	1.258294
78	26	1.186945	0.1746174	0.4182685
78	27	0.001731276	0.4423021	1.258294
78	28	1.186945	0.1746174	0.4182685
78	29	0.001731276	0.4423021	1.258294
78	30	1.261970	0.1629349	0.312951
78	31	1.232692	0.1687183	0.341917
78	32	0.001731276	0.4423021	1.258294
78	33	1.186945	0.1746174	0.4182685
78	34	0.001731276	0.4423021	1.258294
78	35	1.186945	0.1746174	0.4182685
78	36	0.001731276	0.4423021	1.258294
78	37	1.186945	0.1746174	0.4182685
78	38	0.001731276	0.4423021	1.258294
78	39	1.186945	0.1746174	0.4182685
78	40	0.001731276	0.4423021	1.258294
78	41	1.186945	0.1746174	0.4182685
78	42	0.001731276	0.4423021	1.258294
78	43	1.186945	0.1746174	0.4182685
78	44	0.001731276	0.4423021	1.258294
78	45	1.261970	0.1629349	0.312951
78	46	1.232692	0.1687183	0.341917
78	47	0.001731276	0.4423021	1.258294
78	48	1.186945	0.1746174	0.4182685
78	49	0.001731276	0.4423021	1.258294
78	50	1.186945	0.1746174	0.4182685
78	51	0.001731276	0.4423021	1.258294
78	52	1.186945	0.1746174	0.4182685
78	53	0.001731276	0.4423021	1.258294
78	54	1.186945	0.1746174	0.4182685
78	55	0.001731276	0.4423021	1.258294
78	56	1.186945	0.1746174	0.4182685
78	57	0.001731276	0.4423021	1.258294
78	58	1.186945	0.1746174	0.4182685
78	59	0.001731276	0.4423021	1.258294
78	60	1.261970	0.1629349	0.312951
80	2	-0.1593797	0.5779824	0.3885363
80	3	-0.1593797	0.5779824	0.3885363
80	4	-0.1593797	0.5779824	0.3885363
80	5	-0.1772171	0.5848492	0.373054
80	6	-0.1593797	0.5779824	0.3885363
80	7	-0.1593797	0.5779824	0.3885363
80	8	-0.1593797	0.5779824	0.3885363
80	9	-0.1772171	0.5848492	0.373054
80	10	-0.1593797	0.5779824	0.3885363
80	11	-0.1593797	0.5779824	0.3885363
80	12	-0.1593797	0.5779824	0.3885363
80	13	-0.1593797	0.5779824	0.3885363
80	14	-0.1593797	0.5779824	0.3885363
80	15	-0.1772171	0.5848492	0.373054
80	16	0.7487767	0.2491298	0.9711055
80	17	-0.04766174	0.458335	1.24497
80	18	1.222993	0.1769313	0.28911
80	19	-0.04766174	0.458335	1.24497
80	20	1.222993	0.1769313	0.28911
80	21	-0.04766174	0.458335	1.24497
80	22	1.222993	0.1769313	0.28911
80	23	-0.04766174	0.458335	1.24497
80	24	1.222993	0.1769313	0.28911
80	25	-0.04766174	0.458335	1.24497
80	26	1.222993	0.1769313	0.28911
80	27	-0.04766174	0.458335	1.24497
80	28	1.222993	0.1769313	0.28911
80	29	-0.04766174	0.458335	1.24497
80	30	1.265433	0.1677193	0.2553327
80	31	0.7487767	0.2491298	0.9711055
80	32	-0.04766174	0.458335	1.24497
80	33	1.222993	0.1769313	0.28911
80	34	-0.04766174	0.458335	1.24497
80	35	1.222993	0.1769313	0.28911
80	36	-0.04766174	0.458335	1.24497
80	37	1.222993	0.1769313	0.28911
80	38	-0.04766174	0.458335	1.24497
80	39	1.222993	0.1769313	0.28911
80	40	-0.04766174	0.458335	1.24497
80	41	1.222993	0.1769313	0.28911
80	42	-0.04766174	0.458335	1.24497
80	43	1.222993	0.1769313	0.28911
80	44	-0.04766174	0.458335	1.24497
80	45	1.265433	0.1677193	0.2553327
80	46	0.7487767	0.2491298	0.9711055
80	47	-0.04766174	0.458335	1.24497
80	48	1.222993	0.1769313	0.28911
80	49	-0.04766174	0.458335	1.24497
80	50	1.222993	0.1769313	0.28911
80	51	-0.04766174	0.458335	1.24497
80	52	1.222993	0.1769313	0.28911
80	53	-0.04766174	0.458335	1.24497
80	54	1.222993	0.1769313	0.28911
80	55	-0.04766174	0.458335	1.24497
80	56	1.222993	0.1769313	0.28911
80	57	-0.04766174	0.458335	1.24497
80	58	1.222993	0.1769313	0.28911
80	59	-0.04766174	0.458335	1.24497
80	60	1.265433	0.1677193	0.2553327
81	1	0.5071602	0.4204782	-0.01486769
81	2	-0.1843466	0.5797896	0.4442011
81	3	-0.1843466	0.5797896	0.4442011
81	4	-0.1843466	0.5797896	0.4442011
81	5	-0.1699292	0.584156	0.358447
81	6	-0.1843466	0.5797896	0.4442011
81	7	-0.1843466	0.5797896	0.4442011
81	8	-0.1843466	0.5797896	0.4442011
81	9	-0.1699292	0.584156	0.358447
81	10	-0.1843466	0.5797896	0.4442011
81	11	-0.1843466	0.5797896	0.4442011
81	12	-0.1843466	0.5797896	0.4442011
81	13	-0.1843466	0.5797896	0.4442011
81	14	-0.1843466	0.5797896	0.4442011
81	15	-0.1699292	0.584156	0.358447
81	16	1.232692	0.1687183	0.341917
81	17	0.001731276	0.4423021	1.258294
81	18	1.186945	0.1746174	0.4182685
81	19	0.001731276	0.4423021	1.258294
81	20	1.186945	0.1746174	0.4182685
81	21	0.001731276	0.4423021	1.258294
81	22	1.186945	0.1746174	0.4182685
81	23	0.001731276	0.4423021	1.258294
81	24	1.186945	0.1746174	0.4182685
81	25	0.001731276	0.4423021	1.258294
81	26	1.186945	0.1746174	0.4182685
81	27	0.001731276	0.4423021	1.258294
81	28	1.186945	0.1746174	0.4182685
81	29	0.001731276	0.4423021	1.258294
81	30	1.261970	0.1629349	0.312951
81	31	1.232692	0.1687183	0.341917
81	32	0.001731276	0.4423021	1.258294
81	33	1.186945	0.1746174	0.4182685
81	34	0.001731276	0.4423021	1.258294
81	35	1.186945	0.1746174	0.4182685
81	36	0.001731276	0.4423021	1.258294
81	37	1.186945	0.1746174	0.4182685
81	38	0.001731276	0.4423021	1.258294
81	39	1.186945	0.1746174	0.4182685
81	40	0.001731276	0.4423021	1.258294
81	41	1.186945	0.1746174	0.4182685
81	42	0.001731276	0.4423021	1.258294
81	43	1.186945	0.1746174	0.4182685
81	44	0.001731276	0.4423021	1.258294
81	45	1.261970	0.1629349	0.312951
81	46	1.232692	0.1687183	0.341917
81	47	0.001731276	0.4423021	1.258294
81	48	1.186945	0.1746174	0.4182685
81	49	0.001731276	0.4423021	1.258294
81	50	1.186945	0.1746174	0.4182685
81	51	0.001731276	0.4423021	1.258294
81	52	1.186945	0.1746174	0.4182685
81	53	0.001731276	0.4423021	1.258294
81	54	1.186945	0.1746174	0.4182685
81	55	0.001731276	0.4423021	1.258294
81	56	1.186945	0.1746174	0.4182685
81	57	0.001731276	0.4423021	1.258294
81	58	1.186945	0.1746174	0.4182685
81	59	0.001731276	0.4423021	1.258294
81	60	1.261970	0.1629349	0.312951
82	1	0.5071602	0.4204782	-0.01486769
82	2	-0.1843466	0.5797896	0.4442011
82	3	-0.1843466	0.5797896	0.4442011
82	4	-0.1843466	0.5797896	0.4442011
82	5	-0.1699292	0.584156	0.358447
82	6	-0.1843466	0.5797896	0.4442011
82	7	-0.1843466	0.5797896	0.4442011
82	8	-0.1843466	0.5797896	0.4442011
82	9	-0.1699292	0.584156	0.358447
82	10	-0.1843466	0.5797896	0.4442011
82	11	-0.1843466	0.5797896	0.4442011
82	12	-0.1843466	0.5797896	0.4442011
82	13	-0.1843466	0.5797896	0.4442011
82	14	-0.1843466	0.5797896	0.4442011
82	15	-0.1699292	0.584156	0.358447
82	16	1.232692	0.1687183	0.341917
82	17	0.001731276	0.4423021	1.258294
82	18	1.186945	0.1746174	0.4182685
82	19	0.001731276	0.4423021	1.258294
82	20	1.186945	0.1746174	0.4182685
82	21	0.001731276	0.4423021	1.258294
82	22	1.186945	0.1746174	0.4182685
82	23	0.001731276	0.4423021	1.258294
82	24	1.186945	0.1746174	0.4182685
82	25	0.001731276	0.4423021	1.258294
82	26	1.186945	0.1746174	0.4182685
82	27	0.001731276	0.4423021	1.258294
82	28	1.186945	0.1746174	0.4182685
82	29	0.001731276	0.4423021	1.258294
82	30	1.261970	0.1629349	0.312951
82	31	1.232692	0.1687183	0.341917
82	32	0.001731276	0.4423021	1.258294
82	33	1.186945	0.1746174	0.4182685
82	34	0.001731276	0.4423021	1.258294
82	35	1.186945	0.1746174	0.4182685
82	36	0.001731276	0.4423021	1.258294
82	37	1.186945	0.1746174	0.4182685
82	38	0.001731276	0.4423021	1.258294
82	39	1.186945	0.1746174	0.4182685
82	40	0.001731276	0.4423021	1.258294
82	41	1.186945	0.1746174	0.4182685
82	42	0.001731276	0.4423021	1.258294
82	43	1.186945	0.1746174	0.4182685
82	44	0.001731276	0.4423021	1.258294
82	45	1.261970	0.1629349	0.312951
82	46	1.232692	0.1687183	0.341917
82	47	0.001731276	0.4423021	1.258294
82	48	1.186945	0.1746174	0.4182685
82	49	0.001731276	0.4423021	1.258294
82	50	1.186945	0.1746174	0.4182685
82	51	0.001731276	0.4423021	1.258294
82	52	1.186945	0.1746174	0.4182685
82	53	0.001731276	0.4423021	1.258294
82	54	1.186945	0.1746174	0.4182685
82	55	0.001731276	0.4423021	1.258294
82	56	1.186945	0.1746174	0.4182685
82	57	0.001731276	0.4423021	1.258294
82	58	1.186945	0.1746174	0.4182685
82	59	0.001731276	0.4423021	1.258294
82	60	1.261970	0.1629349	0.312951
83	1	0.5071602	0.4204782	-0.01486769
83	2	-0.1843466	0.5797896	0.4442011
83	3	-0.1843466	0.5797896	0.4442011
83	4	-0.1843466	0.5797896	0.4442011
83	5	-0.1699292	0.584156	0.358447
83	6	-0.1843466	0.5797896	0.4442011
83	7	-0.1843466	0.5797896	0.4442011
83	8	-0.1843466	0.5797896	0.4442011
83	9	-0.1699292	0.584156	0.358447
83	10	-0.1843466	0.5797896	0.4442011
83	11	-0.1843466	0.5797896	0.4442011
83	12	-0.1843466	0.5797896	0.4442011
83	13	-0.1843466	0.5797896	0.4442011
83	14	-0.1843466	0.5797896	0.4442011
83	15	-0.1699292	0.584156	0.358447
83	16	1.232692	0.1687183	0.341917
83	17	0.001731276	0.4423021	1.258294
83	18	1.186945	0.1746174	0.4182685
83	19	0.001731276	0.4423021	1.258294
83	20	1.186945	0.1746174	0.4182685
83	21	0.001731276	0.4423021	1.258294
83	22	1.186945	0.1746174	0.4182685
83	23	0.001731276	0.4423021	1.258294
83	24	1.186945	0.1746174	0.4182685
83	25	0.001731276	0.4423021	1.258294
83	26	1.186945	0.1746174	0.4182685
83	27	0.001731276	0.4423021	1.258294
83	28	1.186945	0.1746174	0.4182685
83	29	0.001731276	0.4423021	1.258294
83	30	1.261970	0.1629349	0.312951
83	31	1.232692	0.1687183	0.341917
83	32	0.001731276	0.4423021	1.258294
83	33	1.186945	0.1746174	0.4182685
83	34	0.001731276	0.4423021	1.258294
83	35	1.186945	0.1746174	0.4182685
83	36	0.001731276	0.4423021	1.258294
83	37	1.186945	0.1746174	0.4182685
83	38	0.001731276	0.4423021	1.258294
83	39	1.186945	0.1746174	0.4182685
83	40	0.001731276	0.4423021	1.258294
83	41	1.186945	0.1746174	0.4182685
83	42	0.001731276	0.4423021	1.258294
83	43	1.186945	0.1746174	0.4182685
83	44	0.001731276	0.4423021	1.258294
83	45	1.261970	0.1629349	0.312951
83	46	1.232692	0.1687183	0.341917
83	47	0.001731276	0.4423021	1.258294
83	48	1.186945	0.1746174	0.4182685
83	49	0.001731276	0.4423021	1.258294
83	50	1.186945	0.1746174	0.4182685
83	51	0.001731276	0.4423021	1.258294
83	52	1.186945	0.1746174	0.4182685
83	53	0.001731276	0.4423021	1.258294
83	54	1.186945	0.1746174	0.4182685
83	55	0.001731276	0.4423021	1.258294
83	56	1.186945	0.1746174	0.4182685
83	57	0.001731276	0.4423021	1.258294
83	58	1.186945	0.1746174	0.4182685
83	59	0.001731276	0.4423021	1.258294
83	60	1.261970	0.1629349	0.312951
84	1	1.352928	0.115438	0.5155827
84	16	0.8273916	0.3183810	0.05319186
84	17	-0.1606918	0.4927332	1.237183
84	18	0.4869835	0.4218315	0.03117907
84	19	-0.1606918	0.4927332	1.237183
84	20	0.4869835	0.4218315	0.03117907
84	21	-0.1606918	0.4927332	1.237183
84	22	0.4869835	0.4218315	0.03117907
84	23	-0.1606918	0.4927332	1.237183
84	24	0.4869835	0.4218315	0.03117907
84	25	-0.1606918	0.4927332	1.237183
84	26	0.4869835	0.4218315	0.03117907
84	27	-0.1606918	0.4927332	1.237183
84	28	0.4869835	0.4218315	0.03117907
84	29	-0.1606918	0.4927332	1.237183
84	30	0.6712113	0.367861	0.02310893
84	31	0.8273916	0.3183810	0.05319186
84	32	-0.1606918	0.4927332	1.237183
84	33	0.4869835	0.4218315	0.03117907
84	34	-0.1606918	0.4927332	1.237183
84	35	0.4869835	0.4218315	0.03117907
84	36	-0.1606918	0.4927332	1.237183
84	37	0.4869835	0.4218315	0.03117907
84	38	-0.1606918	0.4927332	1.237183
84	39	0.4869835	0.4218315	0.03117907
84	40	-0.1606918	0.4927332	1.237183
84	41	0.4869835	0.4218315	0.03117907
84	42	-0.1606918	0.4927332	1.237183
84	43	0.4869835	0.4218315	0.03117907
84	44	-0.1606918	0.4927332	1.237183
84	45	0.6712113	0.367861	0.02310893
84	46	0.8273916	0.3183810	0.05319186
84	47	-0.1606918	0.4927332	1.237183
84	48	0.4869835	0.4218315	0.03117907
84	49	-0.1606918	0.4927332	1.237183
84	50	0.4869835	0.4218315	0.03117907
84	51	-0.1606918	0.4927332	1.237183
84	52	0.4869835	0.4218315	0.03117907
84	53	-0.1606918	0.4927332	1.237183
84	54	0.4869835	0.4218315	0.03117907
84	55	-0.1606918	0.4927332	1.237183
84	56	0.4869835	0.4218315	0.03117907
84	57	-0.1606918	0.4927332	1.237183
84	58	0.4869835	0.4218315	0.03117907
84	59	-0.1606918	0.4927332	1.237183
84	60	0.6712113	0.367861	0.02310893
85	1	1.352928	0.115438	0.5155827
85	16	0.8273916	0.3183810	0.05319186
85	17	-0.1606918	0.4927332	1.237183
85	18	0.4869835	0.4218315	0.03117907
85	19	-0.1606918	0.4927332	1.237183
85	20	0.4869835	0.4218315	0.03117907
85	21	-0.1606918	0.4927332	1.237183
85	22	0.4869835	0.4218315	0.03117907
85	23	-0.1606918	0.4927332	1.237183
85	24	0.4869835	0.4218315	0.03117907
85	25	-0.1606918	0.4927332	1.237183
85	26	0.4869835	0.4218315	0.03117907
85	27	-0.1606918	0.4927332	1.237183
85	28	0.4869835	0.4218315	0.03117907
85	29	-0.1606918	0.4927332	1.237183
85	30	0.6712113	0.367861	0.02310893
85	31	0.8273916	0.3183810	0.05319186
85	32	-0.1606918	0.4927332	1.237183
85	33	0.4869835	0.4218315	0.03117907
85	34	-0.1606918	0.4927332	1.237183
85	35	0.4869835	0.4218315	0.03117907
85	36	-0.1606918	0.4927332	1.237183
85	37	0.4869835	0.4218315	0.03117907
85	38	-0.1606918	0.4927332	1.237183
85	39	0.4869835	0.4218315	0.03117907
85	40	-0.1606918	0.4927332	1.237183
85	41	0.4869835	0.4218315	0.03117907
85	42	-0.1606918	0.4927332	1.237183
85	43	0.4869835	0.4218315	0.03117907
85	44	-0.1606918	0.4927332	1.237183
85	45	0.6712113	0.367861	0.02310893
85	46	0.8273916	0.3183810	0.05319186
85	47	-0.1606918	0.4927332	1.237183
85	48	0.4869835	0.4218315	0.03117907
85	49	-0.1606918	0.4927332	1.237183
85	50	0.4869835	0.4218315	0.03117907
85	51	-0.1606918	0.4927332	1.237183
85	52	0.4869835	0.4218315	0.03117907
85	53	-0.1606918	0.4927332	1.237183
85	54	0.4869835	0.4218315	0.03117907
85	55	-0.1606918	0.4927332	1.237183
85	56	0.4869835	0.4218315	0.03117907
85	57	-0.1606918	0.4927332	1.237183
85	58	0.4869835	0.4218315	0.03117907
85	59	-0.1606918	0.4927332	1.237183
85	60	0.6712113	0.367861	0.02310893
86	1	1.352928	0.115438	0.5155827
86	16	0.8273916	0.3183810	0.05319186
86	17	-0.1606918	0.4927332	1.237183
86	18	0.4869835	0.4218315	0.03117907
86	19	-0.1606918	0.4927332	1.237183
86	20	0.4869835	0.4218315	0.03117907
86	21	-0.1606918	0.4927332	1.237183
86	22	0.4869835	0.4218315	0.03117907
86	23	-0.1606918	0.4927332	1.237183
86	24	0.4869835	0.4218315	0.03117907
86	25	-0.1606918	0.4927332	1.237183
86	26	0.4869835	0.4218315	0.03117907
86	27	-0.1606918	0.4927332	1.237183
86	28	0.4869835	0.4218315	0.03117907
86	29	-0.1606918	0.4927332	1.237183
86	30	0.6712113	0.367861	0.02310893
86	31	0.8273916	0.3183810	0.05319186
86	32	-0.1606918	0.4927332	1.237183
86	33	0.4869835	0.4218315	0.03117907
86	34	-0.1606918	0.4927332	1.237183
86	35	0.4869835	0.4218315	0.03117907
86	36	-0.1606918	0.4927332	1.237183
86	37	0.4869835	0.4218315	0.03117907
86	38	-0.1606918	0.4927332	1.237183
86	39	0.4869835	0.4218315	0.03117907
86	40	-0.1606918	0.4927332	1.237183
86	41	0.4869835	0.4218315	0.03117907
86	42	-0.1606918	0.4927332	1.237183
86	43	0.4869835	0.4218315	0.03117907
86	44	-0.1606918	0.4927332	1.237183
86	45	0.6712113	0.367861	0.02310893
86	46	0.8273916	0.3183810	0.05319186
86	47	-0.1606918	0.4927332	1.237183
86	48	0.4869835	0.4218315	0.03117907
86	49	-0.1606918	0.4927332	1.237183
86	50	0.4869835	0.4218315	0.03117907
86	51	-0.1606918	0.4927332	1.237183
86	52	0.4869835	0.4218315	0.03117907
86	53	-0.1606918	0.4927332	1.237183
86	54	0.4869835	0.4218315	0.03117907
86	55	-0.1606918	0.4927332	1.237183
86	56	0.4869835	0.4218315	0.03117907
86	57	-0.1606918	0.4927332	1.237183
86	58	0.4869835	0.4218315	0.03117907
86	59	-0.1606918	0.4927332	1.237183
86	60	0.6712113	0.367861	0.02310893
87	1	1.352928	0.115438	0.5155827
87	16	0.8273916	0.3183810	0.05319186
87	17	-0.1606918	0.4927332	1.237183
87	18	0.4869835	0.4218315	0.03117907
87	19	-0.1606918	0.4927332	1.237183
87	20	0.4869835	0.4218315	0.03117907
87	21	-0.1606918	0.4927332	1.237183
87	22	0.4869835	0.4218315	0.03117907
87	23	-0.1606918	0.4927332	1.237183
87	24	0.4869835	0.4218315	0.03117907
87	25	-0.1606918	0.4927332	1.237183
87	26	0.4869835	0.4218315	0.03117907
87	27	-0.1606918	0.4927332	1.237183
87	28	0.4869835	0.4218315	0.03117907
87	29	-0.1606918	0.4927332	1.237183
87	30	0.6712113	0.367861	0.02310893
87	31	0.8273916	0.3183810	0.05319186
87	32	-0.1606918	0.4927332	1.237183
87	33	0.4869835	0.4218315	0.03117907
87	34	-0.1606918	0.4927332	1.237183
87	35	0.4869835	0.4218315	0.03117907
87	36	-0.1606918	0.4927332	1.237183
87	37	0.4869835	0.4218315	0.03117907
87	38	-0.1606918	0.4927332	1.237183
87	39	0.4869835	0.4218315	0.03117907
87	40	-0.1606918	0.4927332	1.237183
87	41	0.4869835	0.4218315	0.03117907
87	42	-0.1606918	0.4927332	1.237183
87	43	0.4869835	0.4218315	0.03117907
87	44	-0.1606918	0.4927332	1.237183
87	45	0.6712113	0.367861	0.02310893
87	46	0.8273916	0.3183810	0.05319186
87	47	-0.1606918	0.4927332	1.237183
87	48	0.4869835	0.4218315	0.03117907
87	49	-0.1606918	0.4927332	1.237183
87	50	0.4869835	0.4218315	0.03117907
87	51	-0.1606918	0.4927332	1.237183
87	52	0.4869835	0.4218315	0.03117907
87	53	-0.1606918	0.4927332	1.237183
87	54	0.4869835	0.4218315	0.03117907
87	55	-0.1606918	0.4927332	1.237183
87	56	0.4869835	0.4218315	0.03117907
87	57	-0.1606918	0.4927332	1.237183
87	58	0.4869835	0.4218315	0.03117907
87	59	-0.1606918	0.4927332	1.237183
87	60	0.6712113	0.367861	0.02310893
88	1	0.5571044	0.4056173	-0.01478209
88	16	1.215128	0.1734526	0.3467613
88	17	-0.1687498	0.5783276	0.4127279
88	18	1.145640	0.1801954	0.4847146
88	19	-0.1888060	0.5748194	0.5065951
88	20	1.145640	0.1801954	0.4847146
88	21	-0.2372622	0.561653	0.7798617
88	22	1.145640	0.1801954	0.4847146
88	23	-0.1888060	0.5748194	0.5065951
88	24	1.145640	0.1801954	0.4847146
88	25	-0.1888060	0.5748194	0.5065951
88	26	1.138718	0.1821631	0.4856145
88	27	-0.1888060	0.5748194	0.5065951
88	28	1.145640	0.1801954	0.4847146
88	29	-0.1734669	0.5774627	0.4351997
88	30	1.232691	0.1656394	0.3724296
88	31	1.215128	0.1734526	0.3467613
88	32	-0.1687498	0.5783276	0.4127279
88	33	1.145640	0.1801954	0.4847146
88	34	-0.1888060	0.5748194	0.5065951
88	35	1.145640	0.1801954	0.4847146
88	36	-0.2372622	0.561653	0.7798617
88	37	1.145640	0.1801954	0.4847146
88	38	-0.1888060	0.5748194	0.5065951
88	39	1.145640	0.1801954	0.4847146
88	40	-0.1888060	0.5748194	0.5065951
88	41	1.138718	0.1821631	0.4856145
88	42	-0.1888060	0.5748194	0.5065951
88	43	1.145640	0.1801954	0.4847146
88	44	-0.1734669	0.5774627	0.4351997
88	45	1.232691	0.1656394	0.3724296
88	46	1.215128	0.1734526	0.3467613
88	47	-0.1687498	0.5783276	0.4127279
88	48	1.145640	0.1801954	0.4847146
88	49	-0.1888060	0.5748194	0.5065951
88	50	1.145640	0.1801954	0.4847146
88	51	-0.2372622	0.561653	0.7798617
88	52	1.145640	0.1801954	0.4847146
88	53	-0.1888060	0.5748194	0.5065951
88	54	1.145640	0.1801954	0.4847146
88	55	-0.1888060	0.5748194	0.5065951
88	56	1.138718	0.1821631	0.4856145
88	57	-0.1888060	0.5748194	0.5065951
88	58	1.144710	0.1803528	0.4858962
88	59	-0.1734669	0.5774627	0.4351997
88	60	1.232691	0.1656394	0.3724296
89	1	-0.1365149	0.5706477	0.3938403
89	2	-0.1958050	0.5889977	0.3867201
89	3	-0.1958050	0.5889977	0.3867201
89	4	-0.1958050	0.5889977	0.3867201
89	5	-0.1945381	0.5885815	0.3871111
89	6	-0.1958050	0.5889977	0.3867201
89	7	-0.1958050	0.5889977	0.3867201
89	8	-0.1958050	0.5889977	0.3867201
89	9	-0.1945381	0.5885815	0.3871111
89	10	-0.1958050	0.5889977	0.3867201
89	11	-0.1958050	0.5889977	0.3867201
89	12	-0.1958050	0.5889977	0.3867201
89	13	-0.1958050	0.5889977	0.3867201
89	14	-0.1958050	0.5889977	0.3867201
89	15	-0.1945381	0.5885815	0.3871111
89	16	1.023164	0.2581009	0.07362716
89	17	0.2789708	0.3556176	1.300312
89	18	1.074617	0.2414443	0.08706119
89	19	0.5767856	0.2885137	1.087663
89	20	1.121621	0.2251219	0.1102937
89	21	0.9906157	0.2042449	0.7032293
89	22	1.121621	0.2251219	0.1102937
89	23	0.5767856	0.2885137	1.087663
89	24	1.121621	0.2251219	0.1102937
89	25	0.5767856	0.2885137	1.087663
89	26	1.136907	0.2193414	0.1225286
89	27	0.5767856	0.2885137	1.087663
89	28	1.121621	0.2251219	0.1102937
89	29	0.3549375	0.3380471	1.250565
89	30	1.011311	0.2629954	0.06005225
89	31	1.023164	0.2581009	0.07362716
89	32	0.2789708	0.3556176	1.300312
89	33	1.074617	0.2414443	0.08706119
89	34	0.5767856	0.2885137	1.087663
89	35	1.121621	0.2251219	0.1102937
89	36	0.9906157	0.2042449	0.7032293
89	37	1.121621	0.2251219	0.1102937
89	38	0.5767856	0.2885137	1.087663
89	39	1.121621	0.2251219	0.1102937
89	40	0.5767856	0.2885137	1.087663
89	41	1.136907	0.2193414	0.1225286
89	42	0.5767856	0.2885137	1.087663
89	43	1.121621	0.2251219	0.1102937
89	44	0.3549375	0.3380471	1.250565
89	45	1.011311	0.2629954	0.06005225
89	46	1.023164	0.2581009	0.07362716
89	47	0.2789708	0.3556176	1.300312
89	48	1.074617	0.2414443	0.08706119
89	49	0.5767856	0.2885137	1.087663
89	50	1.121621	0.2251219	0.1102937
89	51	0.9906157	0.2042449	0.7032293
89	52	1.121621	0.2251219	0.1102937
89	53	0.5767856	0.2885137	1.087663
89	54	1.121621	0.2251219	0.1102937
89	55	0.5767856	0.2885137	1.087663
89	56	1.136907	0.2193414	0.1225286
89	57	0.5767856	0.2885137	1.087663
89	58	1.122344	0.2248562	0.1107974
89	59	0.3549375	0.3380471	1.250565
89	60	1.011311	0.2629954	0.06005225
90	1	-0.1365149	0.5706477	0.3938403
90	2	-0.1958050	0.5889977	0.3867201
90	3	-0.1958050	0.5889977	0.3867201
90	4	-0.1958050	0.5889977	0.3867201
90	5	-0.1945381	0.5885815	0.3871111
90	6	-0.1958050	0.5889977	0.3867201
90	7	-0.1958050	0.5889977	0.3867201
90	8	-0.1958050	0.5889977	0.3867201
90	9	-0.1945381	0.5885815	0.3871111
90	10	-0.1958050	0.5889977	0.3867201
90	11	-0.1958050	0.5889977	0.3867201
90	12	-0.1958050	0.5889977	0.3867201
90	13	-0.1958050	0.5889977	0.3867201
90	14	-0.1958050	0.5889977	0.3867201
90	15	-0.1945381	0.5885815	0.3871111
90	16	1.023164	0.2581009	0.07362716
90	17	0.2789708	0.3556176	1.300312
90	18	1.074617	0.2414443	0.08706119
90	19	0.5767856	0.2885137	1.087663
90	20	1.121621	0.2251219	0.1102937
90	21	0.9906157	0.2042449	0.7032293
90	22	1.121621	0.2251219	0.1102937
90	23	0.5767856	0.2885137	1.087663
90	24	1.121621	0.2251219	0.1102937
90	25	0.5767856	0.2885137	1.087663
90	26	1.136907	0.2193414	0.1225286
90	27	0.5767856	0.2885137	1.087663
90	28	1.121621	0.2251219	0.1102937
90	29	0.3549375	0.3380471	1.250565
90	30	1.011311	0.2629954	0.06005225
90	31	1.023164	0.2581009	0.07362716
90	32	0.2789708	0.3556176	1.300312
90	33	1.074617	0.2414443	0.08706119
90	34	0.5767856	0.2885137	1.087663
90	35	1.121621	0.2251219	0.1102937
90	36	0.9906157	0.2042449	0.7032293
90	37	1.121621	0.2251219	0.1102937
90	38	0.5767856	0.2885137	1.087663
90	39	1.121621	0.2251219	0.1102937
90	40	0.5767856	0.2885137	1.087663
90	41	1.136907	0.2193414	0.1225286
90	42	0.5767856	0.2885137	1.087663
90	43	1.121621	0.2251219	0.1102937
90	44	0.3549375	0.3380471	1.250565
90	45	1.011311	0.2629954	0.06005225
90	46	1.023164	0.2581009	0.07362716
90	47	0.2789708	0.3556176	1.300312
90	48	1.074617	0.2414443	0.08706119
90	49	0.5767856	0.2885137	1.087663
90	50	1.121621	0.2251219	0.1102937
90	51	0.9906157	0.2042449	0.7032293
90	52	1.121621	0.2251219	0.1102937
90	53	0.5767856	0.2885137	1.087663
90	54	1.121621	0.2251219	0.1102937
90	55	0.5767856	0.2885137	1.087663
90	56	1.136907	0.2193414	0.1225286
90	57	0.5767856	0.2885137	1.087663
90	58	1.122344	0.2248562	0.1107974
90	59	0.3549375	0.3380471	1.250565
90	60	1.011311	0.2629954	0.06005225
91	1	-0.1365149	0.5706477	0.3938403
91	2	-0.1958050	0.5889977	0.3867201
91	3	-0.1958050	0.5889977	0.3867201
91	4	-0.1958050	0.5889977	0.3867201
91	5	-0.1945381	0.5885815	0.3871111
91	6	-0.1958050	0.5889977	0.3867201
91	7	-0.1958050	0.5889977	0.3867201
91	8	-0.1958050	0.5889977	0.3867201
91	9	-0.1945381	0.5885815	0.3871111
91	10	-0.1958050	0.5889977	0.3867201
91	11	-0.1958050	0.5889977	0.3867201
91	12	-0.1958050	0.5889977	0.3867201
91	13	-0.1958050	0.5889977	0.3867201
91	14	-0.1958050	0.5889977	0.3867201
91	15	-0.1945381	0.5885815	0.3871111
91	16	1.023164	0.2581009	0.07362716
91	17	0.2789708	0.3556176	1.300312
91	18	1.074617	0.2414443	0.08706119
91	19	0.5767856	0.2885137	1.087663
91	20	1.121621	0.2251219	0.1102937
91	21	0.9906157	0.2042449	0.7032293
91	22	1.121621	0.2251219	0.1102937
91	23	0.5767856	0.2885137	1.087663
91	24	1.121621	0.2251219	0.1102937
91	25	0.5767856	0.2885137	1.087663
91	26	1.136907	0.2193414	0.1225286
91	27	0.5767856	0.2885137	1.087663
91	28	1.121621	0.2251219	0.1102937
91	29	0.3549375	0.3380471	1.250565
91	30	1.011311	0.2629954	0.06005225
91	31	1.023164	0.2581009	0.07362716
91	32	0.2789708	0.3556176	1.300312
91	33	1.074617	0.2414443	0.08706119
91	34	0.5767856	0.2885137	1.087663
91	35	1.121621	0.2251219	0.1102937
91	36	0.9906157	0.2042449	0.7032293
91	37	1.121621	0.2251219	0.1102937
91	38	0.5767856	0.2885137	1.087663
91	39	1.121621	0.2251219	0.1102937
91	40	0.5767856	0.2885137	1.087663
91	41	1.136907	0.2193414	0.1225286
91	42	0.5767856	0.2885137	1.087663
91	43	1.121621	0.2251219	0.1102937
91	44	0.3549375	0.3380471	1.250565
91	45	1.011311	0.2629954	0.06005225
91	46	1.023164	0.2581009	0.07362716
91	47	0.2789708	0.3556176	1.300312
91	48	1.074617	0.2414443	0.08706119
91	49	0.5767856	0.2885137	1.087663
91	50	1.121621	0.2251219	0.1102937
91	51	0.9906157	0.2042449	0.7032293
91	52	1.121621	0.2251219	0.1102937
91	53	0.5767856	0.2885137	1.087663
91	54	1.121621	0.2251219	0.1102937
91	55	0.5767856	0.2885137	1.087663
91	56	1.136907	0.2193414	0.1225286
91	57	0.5767856	0.2885137	1.087663
91	58	1.122344	0.2248562	0.1107974
91	59	0.3549375	0.3380471	1.250565
91	60	1.011311	0.2629954	0.06005225
92	1	-0.1520889	0.571091	0.4353421
92	2	-0.1953298	0.5885044	0.3902081
92	3	-0.1953298	0.5885044	0.3902081
92	4	-0.1953298	0.5885044	0.3902081
92	5	-0.1939547	0.5880727	0.3904337
92	6	-0.1953298	0.5885044	0.3902081
92	7	-0.1953298	0.5885044	0.3902081
92	8	-0.1953298	0.5885044	0.3902081
92	9	-0.1939547	0.5880727	0.3904337
92	10	-0.1953298	0.5885044	0.3902081
92	11	-0.1953298	0.5885044	0.3902081
92	12	-0.1953298	0.5885044	0.3902081
92	13	-0.1953298	0.5885044	0.3902081
92	14	-0.1953298	0.5885044	0.3902081
92	15	-0.1939547	0.5880727	0.3904337
92	16	0.9481502	0.2828434	0.04949374
92	17	0.4205584	0.3227051	1.209221
92	18	1.012145	0.2625104	0.06240108
92	19	0.4972273	0.305345	1.155319
92	20	1.058781	0.2470572	0.07810624
92	21	1.120992	0.1812684	0.5467154
92	22	1.058781	0.2470572	0.07810624
92	23	0.4972273	0.305345	1.155319
92	24	1.058781	0.2470572	0.07810624
92	25	0.4972273	0.305345	1.155319
92	26	1.064286	0.2450891	0.08138744
92	27	0.593554	0.2843136	1.07987
92	28	1.066983	0.2442522	0.08173235
92	29	0.5069564	0.3033506	1.146413
92	30	0.2720558	0.3663752	1.214087
92	31	0.9481502	0.2828434	0.04949374
92	32	0.4205584	0.3227051	1.209221
92	33	1.012145	0.2625104	0.06240108
92	34	0.4972273	0.305345	1.155319
92	35	1.058781	0.2470572	0.07810624
92	36	1.120992	0.1812684	0.5467154
92	37	1.058781	0.2470572	0.07810624
92	38	0.4972273	0.305345	1.155319
92	39	1.058781	0.2470572	0.07810624
92	40	0.4972273	0.305345	1.155319
92	41	1.064286	0.2450891	0.08138744
92	42	0.593554	0.2843136	1.07987
92	43	1.066983	0.2442522	0.08173235
92	44	0.5069564	0.3033506	1.146413
92	45	0.2720558	0.3663752	1.214087
92	46	0.9481502	0.2828434	0.04949374
92	47	0.4205584	0.3227051	1.209221
92	48	1.012145	0.2625104	0.06240108
92	49	0.4972273	0.305345	1.155319
92	50	1.058781	0.2470572	0.07810624
92	51	1.120992	0.1812684	0.5467154
92	52	1.058781	0.2470572	0.07810624
92	53	0.4972273	0.305345	1.155319
92	54	1.058781	0.2470572	0.07810624
92	55	0.4972273	0.305345	1.155319
92	56	1.064286	0.2450891	0.08138744
92	57	0.593554	0.2843136	1.07987
92	58	1.065077	0.2449049	0.08087892
92	59	0.5069564	0.3033506	1.146413
92	60	0.2720558	0.3663752	1.214087
93	1	0.1260849	0.5222467	0.09962737
93	2	-0.1437393	0.5817785	0.3048289
93	3	-0.1437393	0.5817785	0.3048289
93	4	-0.1437393	0.5817785	0.3048289
93	5	-0.1437758	0.5815076	0.3076206
93	6	-0.1437393	0.5817785	0.3048289
93	7	-0.1437393	0.5817785	0.3048289
93	8	-0.1437393	0.5817785	0.3048289
93	9	-0.1437758	0.5815076	0.3076206
93	10	-0.1437393	0.5817785	0.3048289
93	11	-0.1437393	0.5817785	0.3048289
93	12	-0.1437393	0.5817785	0.3048289
93	13	-0.1437393	0.5817785	0.3048289
93	14	-0.1437393	0.5817785	0.3048289
93	15	-0.1437758	0.5815076	0.3076206
93	16	1.111570	0.2299189	0.09237648
93	17	0.2568278	0.3616497	1.305789
93	18	1.170981	0.2091184	0.1234228
93	19	0.02533751	0.4260016	1.35026
93	20	1.204986	0.1959434	0.1537736
93	21	0.933758	0.2142937	0.7712014
93	22	1.204986	0.1959434	0.1537736
93	23	-0.08006069	0.4584013	1.339788
93	24	1.204986	0.1959434	0.1537736
93	25	0.02531777	0.4260047	1.350288
93	26	1.204116	0.1962264	0.1535345
93	27	0.2964484	0.3542145	1.262712
93	28	1.112547	0.2285256	0.1033040
93	29	0.2527966	0.3638767	1.295599
93	30	1.124481	0.2190489	0.1620475
93	31	1.111570	0.2299189	0.09237648
93	32	0.2568278	0.3616497	1.305789
93	33	1.170981	0.2091184	0.1234228
93	34	0.0622252	0.4153466	1.347144
93	35	1.204986	0.1959434	0.1537736
93	36	0.933758	0.2142937	0.7712014
93	37	1.204986	0.1959434	0.1537736
93	38	-0.08006069	0.4584013	1.339788
93	39	1.204986	0.1959434	0.1537736
93	40	0.02531777	0.4260047	1.350288
93	41	1.204116	0.1962264	0.1535345
93	42	0.2964484	0.3542145	1.262712
93	43	1.112547	0.2285256	0.1033040
93	44	0.2527966	0.3638767	1.295599
93	45	1.124481	0.2190489	0.1620475
93	46	1.111570	0.2299189	0.09237648
93	47	0.2568278	0.3616497	1.305789
93	48	1.170981	0.2091184	0.1234228
93	49	0.02533751	0.4260016	1.35026
93	50	1.204986	0.1959434	0.1537736
93	51	0.933758	0.2142937	0.7712014
93	52	1.204986	0.1959434	0.1537736
93	53	-0.08006069	0.4584013	1.339788
93	54	1.204986	0.1959434	0.1537736
93	55	0.02531777	0.4260047	1.350288
93	56	1.204116	0.1962264	0.1535345
93	57	0.2964484	0.3542145	1.262712
93	58	1.138607	0.2196355	0.1146056
93	59	0.2912858	0.3540124	1.279928
93	60	1.124481	0.2190489	0.1620475
94	1	0.1172647	0.5239935	0.1083094
94	2	-0.1103907	0.5769658	0.2542471
94	3	-0.1103907	0.5769658	0.2542471
94	4	-0.1103907	0.5769658	0.2542471
94	5	-0.1105158	0.5767376	0.2568763
94	6	-0.1103907	0.5769658	0.2542471
94	7	-0.1103907	0.5769658	0.2542471
94	8	-0.1103907	0.5769658	0.2542471
94	9	-0.1105158	0.5767376	0.2568763
94	10	-0.1103907	0.5769658	0.2542471
94	11	-0.1103907	0.5769658	0.2542471
94	12	-0.1103907	0.5769658	0.2542471
94	13	-0.1103907	0.5769658	0.2542471
94	14	-0.1103907	0.5769658	0.2542471
94	15	-0.1105158	0.5767376	0.2568763
94	16	1.199748	0.1985412	0.1434673
94	17	0.1143847	0.3970651	1.374598
94	18	1.198289	0.1994175	0.1390827
94	19	-0.08021345	0.4558388	1.365631
94	20	1.197954	0.1996436	0.1378306
94	21	0.7627083	0.2486659	0.9346482
94	22	1.197954	0.1996436	0.1378306
94	23	-0.1604995	0.4834022	1.329082
94	24	1.197954	0.1996436	0.1378306
94	25	-0.08022191	0.4558388	1.365656
94	26	1.198665	0.1992294	0.1398371
94	27	0.1476704	0.3908827	1.337775
94	28	1.101264	0.2330802	0.0914209
94	29	0.1112920	0.3992286	1.362273
94	30	1.135513	0.1875887	0.4412939
94	31	1.199748	0.1985412	0.1434673
94	32	0.1143847	0.3970651	1.374598
94	33	1.198289	0.1994175	0.1390827
94	34	-0.05064416	0.4464494	1.371539
94	35	1.197954	0.1996436	0.1378306
94	36	0.7627083	0.2486659	0.9346482
94	37	1.197954	0.1996436	0.1378306
94	38	-0.1604995	0.4834022	1.329082
94	39	1.197954	0.1996436	0.1378306
94	40	-0.08022191	0.4558388	1.365656
94	41	1.198665	0.1992294	0.1398371
94	42	0.1476704	0.3908827	1.337775
94	43	1.101264	0.2330802	0.0914209
94	44	0.1112920	0.3992286	1.362273
94	45	1.135513	0.1875887	0.4412939
94	46	1.199748	0.1985412	0.1434673
94	47	0.1143847	0.3970651	1.374598
94	48	1.198289	0.1994175	0.1390827
94	49	-0.08021345	0.4558388	1.365631
94	50	1.197954	0.1996436	0.1378306
94	51	0.7627083	0.2486659	0.9346482
94	52	1.197954	0.1996436	0.1378306
94	53	-0.1604995	0.4834022	1.329082
94	54	1.197954	0.1996436	0.1378306
94	55	-0.08022191	0.4558388	1.365656
94	56	1.198665	0.1992294	0.1398371
94	57	0.1476704	0.3908827	1.337775
94	58	1.128265	0.2239903	0.1019277
94	59	0.1455364	0.3898679	1.35412
94	60	1.135513	0.1875887	0.4412939
95	1	0.1172647	0.5239935	0.1083094
95	2	-0.1103907	0.5769658	0.2542471
95	3	-0.1103907	0.5769658	0.2542471
95	4	-0.1103907	0.5769658	0.2542471
95	5	-0.1105158	0.5767376	0.2568763
95	6	-0.1103907	0.5769658	0.2542471
95	7	-0.1103907	0.5769658	0.2542471
95	8	-0.1103907	0.5769658	0.2542471
95	9	-0.1105158	0.5767376	0.2568763
95	10	-0.1103907	0.5769658	0.2542471
95	11	-0.1103907	0.5769658	0.2542471
95	12	-0.1103907	0.5769658	0.2542471
95	13	-0.1103907	0.5769658	0.2542471
95	14	-0.1103907	0.5769658	0.2542471
95	15	-0.1105158	0.5767376	0.2568763
95	16	1.199748	0.1985412	0.1434673
95	17	0.1143847	0.3970651	1.374598
95	18	1.198289	0.1994175	0.1390827
95	19	-0.08021345	0.4558388	1.365631
95	20	1.197954	0.1996436	0.1378306
95	21	0.7627083	0.2486659	0.9346482
95	22	1.197954	0.1996436	0.1378306
95	23	-0.1604995	0.4834022	1.329082
95	24	1.197954	0.1996436	0.1378306
95	25	-0.08022191	0.4558388	1.365656
95	26	1.198665	0.1992294	0.1398371
95	27	0.1476704	0.3908827	1.337775
95	28	1.101264	0.2330802	0.0914209
95	29	0.1112920	0.3992286	1.362273
95	30	1.135513	0.1875887	0.4412939
95	31	1.199748	0.1985412	0.1434673
95	32	0.1143847	0.3970651	1.374598
95	33	1.198289	0.1994175	0.1390827
95	34	-0.05064416	0.4464494	1.371539
95	35	1.197954	0.1996436	0.1378306
95	36	0.7627083	0.2486659	0.9346482
95	37	1.197954	0.1996436	0.1378306
95	38	-0.1604995	0.4834022	1.329082
95	39	1.197954	0.1996436	0.1378306
95	40	-0.08022191	0.4558388	1.365656
95	41	1.198665	0.1992294	0.1398371
95	42	0.1476704	0.3908827	1.337775
95	43	1.101264	0.2330802	0.0914209
95	44	0.1112920	0.3992286	1.362273
95	45	1.135513	0.1875887	0.4412939
95	46	1.199748	0.1985412	0.1434673
95	47	0.1143847	0.3970651	1.374598
95	48	1.198289	0.1994175	0.1390827
95	49	-0.08021345	0.4558388	1.365631
95	50	1.197954	0.1996436	0.1378306
95	51	0.7627083	0.2486659	0.9346482
95	52	1.197954	0.1996436	0.1378306
95	53	-0.1604995	0.4834022	1.329082
95	54	1.197954	0.1996436	0.1378306
95	55	-0.08022191	0.4558388	1.365656
95	56	1.198665	0.1992294	0.1398371
95	57	0.1476704	0.3908827	1.337775
95	58	1.128265	0.2239903	0.1019277
95	59	0.1455364	0.3898679	1.35412
95	60	1.135513	0.1875887	0.4412939
96	1	0.1172647	0.5239935	0.1083094
96	2	-0.1103907	0.5769658	0.2542471
96	3	-0.1103907	0.5769658	0.2542471
96	4	-0.1103907	0.5769658	0.2542471
96	5	-0.1105158	0.5767376	0.2568763
96	6	-0.1103907	0.5769658	0.2542471
96	7	-0.1103907	0.5769658	0.2542471
96	8	-0.1103907	0.5769658	0.2542471
96	9	-0.1105158	0.5767376	0.2568763
96	10	-0.1103907	0.5769658	0.2542471
96	11	-0.1103907	0.5769658	0.2542471
96	12	-0.1103907	0.5769658	0.2542471
96	13	-0.1103907	0.5769658	0.2542471
96	14	-0.1103907	0.5769658	0.2542471
96	15	-0.1105158	0.5767376	0.2568763
96	16	1.199748	0.1985412	0.1434673
96	17	0.1143847	0.3970651	1.374598
96	18	1.198289	0.1994175	0.1390827
96	19	-0.08021345	0.4558388	1.365631
96	20	1.197954	0.1996436	0.1378306
96	21	0.7627083	0.2486659	0.9346482
96	22	1.197954	0.1996436	0.1378306
96	23	-0.1604995	0.4834022	1.329082
96	24	1.197954	0.1996436	0.1378306
96	25	-0.08022191	0.4558388	1.365656
96	26	1.198665	0.1992294	0.1398371
96	27	0.1476704	0.3908827	1.337775
96	28	1.101264	0.2330802	0.0914209
96	29	0.1112920	0.3992286	1.362273
96	30	1.135513	0.1875887	0.4412939
96	31	1.199748	0.1985412	0.1434673
96	32	0.1143847	0.3970651	1.374598
96	33	1.198289	0.1994175	0.1390827
96	34	-0.05064416	0.4464494	1.371539
96	35	1.197954	0.1996436	0.1378306
96	36	0.7627083	0.2486659	0.9346482
96	37	1.197954	0.1996436	0.1378306
96	38	-0.1604995	0.4834022	1.329082
96	39	1.197954	0.1996436	0.1378306
96	40	-0.08022191	0.4558388	1.365656
96	41	1.198665	0.1992294	0.1398371
96	42	0.1476704	0.3908827	1.337775
96	43	1.101264	0.2330802	0.0914209
96	44	0.1112920	0.3992286	1.362273
96	45	1.135513	0.1875887	0.4412939
96	46	1.199748	0.1985412	0.1434673
96	47	0.1143847	0.3970651	1.374598
96	48	1.198289	0.1994175	0.1390827
96	49	-0.08021345	0.4558388	1.365631
96	50	1.197954	0.1996436	0.1378306
96	51	0.7627083	0.2486659	0.9346482
96	52	1.197954	0.1996436	0.1378306
96	53	-0.1604995	0.4834022	1.329082
96	54	1.197954	0.1996436	0.1378306
96	55	-0.08022191	0.4558388	1.365656
96	56	1.198665	0.1992294	0.1398371
96	57	0.1476704	0.3908827	1.337775
96	58	1.128265	0.2239903	0.1019277
96	59	0.1455364	0.3898679	1.35412
96	60	1.135513	0.1875887	0.4412939
97	1	0.2104169	0.4998831	0.0727266
97	2	-0.01786976	0.5600183	0.1495422
97	3	-0.01786976	0.5600183	0.1495422
97	4	-0.01786976	0.5600183	0.1495422
97	5	-0.01813964	0.5598919	0.1515905
97	6	-0.01786976	0.5600183	0.1495422
97	7	-0.01786976	0.5600183	0.1495422
97	8	-0.01786976	0.5600183	0.1495422
97	9	-0.01813964	0.5598919	0.1515905
97	10	-0.01786976	0.5600183	0.1495422
97	11	-0.01786976	0.5600183	0.1495422
97	12	-0.01786976	0.5600183	0.1495422
97	13	-0.01786976	0.5600183	0.1495422
97	14	-0.01786976	0.5600183	0.1495422
97	15	-0.01813964	0.5598919	0.1515905
97	16	1.255548	0.1776452	0.186102
97	17	-0.03756153	0.4392332	1.404496
97	18	1.255548	0.1776452	0.186102
97	19	-0.2189048	0.5026939	1.310023
97	20	1.255548	0.1776452	0.186102
97	21	-0.03136658	0.4380305	1.398159
97	22	1.255548	0.1776452	0.186102
97	23	-0.2613503	0.5233116	1.230792
97	24	1.255548	0.1776452	0.186102
97	25	-0.2189108	0.5026933	1.310046
97	26	1.255548	0.1776452	0.186102
97	27	-0.1165102	0.4642433	1.389308
97	28	1.185174	0.2044595	0.1277676
97	29	-0.09230341	0.4562329	1.397353
97	30	0.9182345	0.2223277	0.7373341
97	31	1.255548	0.1776452	0.186102
97	32	-0.03756153	0.4392332	1.404496
97	33	1.255548	0.1776452	0.186102
97	34	-0.2013175	0.495337	1.331099
97	35	1.255548	0.1776452	0.186102
97	36	-0.03136658	0.4380305	1.398159
97	37	1.255548	0.1776452	0.186102
97	38	-0.2613503	0.5233116	1.230792
97	39	1.255548	0.1776452	0.186102
97	40	-0.2189108	0.5026933	1.310046
97	41	1.255548	0.1776452	0.186102
97	42	-0.1165102	0.4642433	1.389308
97	43	1.185174	0.2044595	0.1277676
97	44	-0.09230341	0.4562329	1.397353
97	45	0.9182345	0.2223277	0.7373341
97	46	1.255548	0.1776452	0.186102
97	47	-0.03756153	0.4392332	1.404496
97	48	1.255548	0.1776452	0.186102
97	49	-0.2189048	0.5026939	1.310023
97	50	1.255548	0.1776452	0.186102
97	51	-0.03136658	0.4380305	1.398159
97	52	1.255548	0.1776452	0.186102
97	53	-0.2613503	0.5233116	1.230792
97	54	1.255548	0.1776452	0.186102
97	55	-0.2189108	0.5026933	1.310046
97	56	1.255548	0.1776452	0.186102
97	57	-0.1165102	0.4642433	1.389308
97	58	1.205744	0.1969978	0.1410918
97	59	-0.06715143	0.4481274	1.403555
97	60	0.9182345	0.2223277	0.7373341
249	1	1.176347	0.1775299	0.4206396
249	15	-0.2171364	0.594313	0.3969081
249	30	1.176347	0.1775299	0.4206396
249	45	1.176347	0.1775299	0.4206396
249	60	1.176347	0.1775299	0.4206396
250	1	1.176347	0.1775299	0.4206396
250	15	-0.2171364	0.594313	0.3969081
250	30	1.176347	0.1775299	0.4206396
250	45	1.176347	0.1775299	0.4206396
250	60	1.176347	0.1775299	0.4206396
251	1	1.176347	0.1775299	0.4206396
251	15	-0.2171364	0.594313	0.3969081
251	30	1.176347	0.1775299	0.4206396
251	45	1.176347	0.1775299	0.4206396
251	60	1.176347	0.1775299	0.4206396
252	1	1.176347	0.1775299	0.4206396
252	15	-0.2171364	0.594313	0.3969081
252	30	1.176347	0.1775299	0.4206396
252	45	1.176347	0.1775299	0.4206396
252	60	1.176347	0.1775299	0.4206396
253	1	1.176347	0.1775299	0.4206396
253	15	-0.2171364	0.594313	0.3969081
253	30	1.176347	0.1775299	0.4206396
253	45	1.176347	0.1775299	0.4206396
253	60	1.176347	0.1775299	0.4206396
254	1	1.120904	0.1941041	0.4197782
254	2	1.120904	0.1941041	0.4197782
254	3	1.120904	0.1941041	0.4197782
254	4	1.120904	0.1941041	0.4197782
254	5	1.120904	0.1941041	0.4197782
254	6	1.120904	0.1941041	0.4197782
254	7	1.120904	0.1941041	0.4197782
254	8	1.120904	0.1941041	0.4197782
254	9	1.120904	0.1941041	0.4197782
254	10	1.120904	0.1941041	0.4197782
254	11	1.120904	0.1941041	0.4197782
254	12	1.120904	0.1941041	0.4197782
254	13	1.120904	0.1941041	0.4197782
254	14	1.120904	0.1941041	0.4197782
254	15	1.120904	0.1941041	0.4197782
254	17	1.120904	0.1941041	0.4197782
254	19	1.120904	0.1941041	0.4197782
254	21	1.120904	0.1941041	0.4197782
254	23	1.120904	0.1941041	0.4197782
254	25	1.120904	0.1941041	0.4197782
254	27	1.120904	0.1941041	0.4197782
254	29	1.120904	0.1941041	0.4197782
254	30	1.120904	0.1941041	0.4197782
254	32	1.120904	0.1941041	0.4197782
254	34	1.120904	0.1941041	0.4197782
254	36	1.120904	0.1941041	0.4197782
254	38	1.120904	0.1941041	0.4197782
254	40	1.120904	0.1941041	0.4197782
254	42	1.120904	0.1941041	0.4197782
254	44	1.120904	0.1941041	0.4197782
254	45	1.120904	0.1941041	0.4197782
254	47	1.120904	0.1941041	0.4197782
254	49	1.120904	0.1941041	0.4197782
254	51	1.120904	0.1941041	0.4197782
254	53	1.120904	0.1941041	0.4197782
254	55	1.120904	0.1941041	0.4197782
254	57	1.120904	0.1941041	0.4197782
254	59	1.120904	0.1941041	0.4197782
254	60	1.120904	0.1941041	0.4197782
